id,nmsa,pLDDT_AlphaFold,version,sequence,length
A0A6J5N0Y1,335,91.47275929549905,BASE,MEYKKQLLNELEKLTSLMDIPFARRTDIHWILQNVVMNNTDEKKIKKVISICQLLVKDETNG,62
A5A3S1,7,90.81252631578948,BASE+LOGAN+12CY,MKEHVIIAPNYRLGEYAARFILEVSPRSCIFVSLDSRGDCERLNGLSDDLLNFHYFYAPRMDWTQEMRKNYEIMNHILAPRNIELTIHRLP,91
A0A646QXE5,55,91.54181409295352,BASE+LOGAN,MQVKITANANALVLGTDTLIAANNELYTKLETCHVEVNPSTGKIVKVHLDRPGNNHYDVLIGTTAGTVHRVQVGEITTSGGFCTYLDSL,89
A0A7T0Q4S0,203,92.46022115384616,BASE+LOGAN+12CY,MYFPVTIKIIQIEDKLDITIEKGIEAEFVITRAICSCGFMFKIPIIERSDTCFTYKSFYQTNYSGHHINNFKLSFVNGSAIVLSALEEFEGSQLELQHIFEFSLWDFTNFNSITHHYGYTCDYSQF,126
A0A8S5SDJ0,147,92.44250374812592,BASE,MKMFAEVRNDYCFEELKNGIKAGITIDVWKTDDENEEGEVAATVILSEHNDIIVVWHLNYARRDQECLLAIEEAKNILKEEI,82
A0A516M7D4,316,90.7980376766091,BASE,MKLIMENWKRFLKESEMYDYEPEKFGPLSVYHADAGEYGQIVLYHMMPKIGDNLIYLVGTLTYDLTMEPCVPETFQVSAVYVEKLARGNKYAKLMYDLAFYIVGEKGAGLTSDHMVGTTKIAKDKAWNYINSAESEYNKRKTDQGNAKFDYNNSTPDDPNDDCDSGLEGKEMATDYSYSMVNTSEPAAKYKMLIRNHLLNIRYLRGGKNMMWLEKELTNRADEGFNRAHLEQTSIED,237
A0A516MKW5,12,92.879418344519,BASE+LOGAN+12CY,MTVGHSKELAKLIIELANNKKVNKEKLEKEIYNLALDVPNKFSLEIMNDFRSLKK,55
A0A8S5MJ79,167,95.72874493927124,BASE+LOGAN+12CY,MNMETKTYFLELVKQFGEFNNWKGYIDLYFTVKDMRKLKKLGVTKNNTIKEAYQILNK,58
A0A6J7WBC6,66,92.7144927536232,BASE,MTTLNKAQQRDIAKILVNGATLGDDYIARGLSALYRSALKTSQQDAILGLAIAYKVASNPEFIV,64
A0A6J5NLC8,112,92.79252927400468,BASE+LOGAN+12CY,MKIKEQSKDGIIYQLEMAFEEIGTALVDITYSGYTDASENSVLEFEWACASETDNTNLSEADIDRVNKILECGQEERIVRFLIDQYEKTDVRFDVGEYDWIIENM,105
A0A8S5PGQ8,220,90.4766975308642,BASE+LOGAN+12CY,MIKVYLLVTTIFLEILFIRFELDELQNWYKAIKDQMFEDFSTRENQRKYARKKAAKNIFKILIVGLLVLFGISFLK,76
A0A6J5LVF4,161,92.5913665663945,BASE+LOGAN,MTKTFTKNNETFSIIVIENEEELRANQDVIDLLDKLAIEAFEDHNKKLEAEGGKIINMPEKKNLWKPSDEWISDAFKEGENRKIFAIKNSKNEAVQSVIALFDNKTNRERINIDNNVGTFIYLTSIVTSEKYKGQGFLGQMFNKILTYAENPKRNYKKPIQFATSITQTACETNVGTINDVINLDIYSAMWQDRLINNKLQLRFQDLDNSNNQYGKEVFDLKDFLIDKKIDKLKVSELVENKKEEASKQSQFVRGFYLIGDQPRTYIELKEFKQIKQQQFLNK,283
A0A6J7WGP0,84,90.91126558005752,BASE,MLTFDKPFKLYLFKNRKQVEWSMHVAENYVHTYTLAQDIFERILDEYRNPMGFKHQLQVGVHWTVEHKTVGPRPECQPVDYVRITIYNQNMAHNYRFDLEDMLNLERDYIRQLNNKMHWD,120
A0A7M1RZN8,282,91.39317715959004,BASE+LOGAN+12CY,MLKTTQIKLIHILGGYTKDEYRILSSTVHNKAYENGTKYGFECGIKYLAKQLEHITIQNYGCSKQDWIDKIYSKIQEALKGNVK,84
A0A8S5PEH1,60,93.73992050874404,BASE+LOGAN,MTVCSMKSNKGFVLGYKFGFNGRLNAQQVNVDSDGSGFFIYSIGFSEFVPAKKMNRYSFIESLETGHRMYNIKGSWVGGD,80
A0A8S5S650,455,93.66719081272085,BASE,MDKRNEQFFPSAVYTGDRPVGMGDTYTEGKFYRDGKEVLTALEEANNEIDSLTQQLGEAVETIYQADMEVIG,72
A0A6J5MWI1,164,90.62338422391856,BASE+LOGAN+12CY,MEIQSIAYDYAAKTLAITLADDTTKTYSDRSSYLADWPDREADCAAIGWE,50
A0A8S5TJ08,1340,93.95702797202796,BASE,MGVWHNAQTASVNATDEHDDSKGNFRFSGFCTVYFRVAEVLSVDGGQNNAFRYVLRPQNTTYPTPMHPAAMMHFVCYGNFSDTTRQQSRYSTLTYERYLAHVNNWEFTEANIMAQFGDLSNLSVFGLNMTGYSAYLNNIYMSGTIQQFDQMPLRMEVSNSLDGFLAFGETCTLSCRVMKGWTDLTQQVTSWTISRSSGDAASDKAWGMKQKVTDFKGIIDIAFTQAENDLGSAVSSLFTITANLNNEQVIASIEI,255
A0A2I7RXE1,104,90.3873048907388,BASE,MPNKNSRNGIHSQRLKAIRPYVNFDFDLRQELTPYQKRKIKQYYDEIDALTARPYQVYKPKSKQRLKKAQEFAQHEKQLPGLKVAFIPTNGKDRATIRFNKKGDIVATTEHVTTRVLSLDTMELITDPIGHVEKVIAQDKQAKRFTALCGRYEIPVSQSRATIGNFIANLTAKYSNEDANNFHGNWLHGIAAHHFQNQADYSDYMTEKQANKRKLQADRKRARRRAKYAAAKGRR,235
A0A6M5CCM2,57,90.90436055469952,BASE,MKNNLTSNIDKELLRQIKNSLFDPDGGHIKNLKEVKEIDWEWNKGKTITTITYADGEVDRRTNDETPPTAASHDVAHFIVALNGNMEWDYLQNVGGQKLHVINHIAEYNAVMVETLFWYLCGSIQWGNQIPFEEQMQKVFDHMKWFAEDYYFISKNHPSKKTYDQLLKDFFEVVDLDKMMHCFQIFYELWCIEQSLGNSEFDIKINMGSDLDFYDERVYSYLYKSKKFLQSLL,233
A0A7G7XYI3,2703,92.916903125,BASE+LOGAN+12CY,MQQIDAEVRKMPKPEIPETIQRGLDVSKAASAQQDLVEMTPLFRNALEKFDGFTDTSRLRVNDPETKAEKWFKAATEVLLTKFNGTSKDYDENKPLTSVDHYNVQCWQNNKENWRDIQPGQADERLAAAEEYTKATDSKKVFDLLERDNLFQKAVLLVLHQLPEVRASEEFLEINLPFMSKHTNVNDPFWQNDRNLAPDGRTYAQVTMDMARKIKSGKELYKYNLSTMYGRNQRGKGRLIIAVSRIVNLWLNRLEAKEIDAYRKKCSLFVGYGDDKTLKQALTKMVEECLTQALKMRNMDQSRYDRHVSYGFILLLGAMSIERANGARSKDIAFWRAVLMSKSFLVNGLTGQIKEIYGRIFSGFIDTNRGGGVINAIITTYCCMKQDPNYSSYIYD,396
A0A516M849,1506,95.2223076923077,BASE,MNKNHDTLMIHSVSSNLGNNAAKFCHNSLQGHHHSLFGIQYYADRGKLRWSMGVGCLADPNSPAMRYGSGATLKRPILGCGVLEGQESFLVISDMHIPYHHKDSFKFLQAVYEFYSCRTVLNVGDLVDHHAGSYHESEPDAMNPEEEYAASQEYLRELEEMFPVMHISNGNHCNIPKRKLKTLGLPPSMVSDYNRLYGLSGGWNWCDEYWFDSKGATPTLVPMELNSKGRWNGKICGVKV,240
A0A873WTE6,11,90.44408026755852,BASE+LOGAN+12CY,MKHVTVVKVIFIDAVMSKLKANGFLKEDAKEVVFENVDTVDIDTAGLFVSFTDTPDTEYFYPMHQIARIKQEYN,74
A0A6J7X061,158,92.58185995623631,BASE+LOGAN+12CY,MIDTTDPLLNELAYHFVDLHNVGGIELEQWDTAYQFVKHFYNTEEVVEIRIGSKK,55
A0A385EDS0,80,90.15427556818182,BASE+LOGAN,MTFDDWCLHVRDRFQQRFGYAPPKAPSMVELDSRIQERIMRCGVEARRFDLEHHDDLAILAHHTLIMDDVREGFSNSHARYVSSI,85
A0A6J7WXJ4,315,92.07441441441442,BASE,MYFDRFDICEAYYLAFSHCHGGQWSREYARMCAMMRYFRPSPMLSVDSLSDNAREIYDSACARMLGGAA,69
A0A9E9FY57,117,93.09619047619049,BASE+LOGAN,MFWWAMAAGVNEPRWIHFMVGSFFAVVTGVVPFLLYQCIKL,41
A0A5C0CHJ0,487,92.99809931506849,BASE,MDWNELSAMGLIVALNFSIFHPRGLAICRVPDDGCSPHLLQVEDDIWEYTPDILAEAKEQLNRVGIYVPGLNDE,74
A0A3G1L3G8,361,90.8797643097643,BASE+LOGAN+12CY,MIDKKEKLSEMIFWAIGALERLATLGMLDPEIPYKIPFNKVDRWVELDEGREALFEGNVPLVKAVAIGIIANPENEGTDPEEIIPVAELVAMFYDRKGRNELVNAHISEVLGGG,114
A0A6J7WFA3,79,94.17682785299806,BASE,MKAIVDGQEVTIGDVVCFKCDIEQSGVIVEIKQSYTGKALVLENKHGFSGDYIGGETVTTELARDCWL,68
A0A481ZBD9,55,90.64263500325312,BASE+LOGAN,MAVYQIYDYEENIGYFTHFSDAKDAYDNFTSKYRSWGIGLFKLDEKSGKFIEEDWWGDGEETPLRKITKEEIEKLSDEIFSFQGCGWDSISAFIDEKSMLKYLAGRYGDDLNHIKPTRDNFAIYTLSWFRYSHTLEHAVISAMDLEEGIAKTKINTVTKGWKSPGEVYIPLVNKEELRSEFEKIRG,186
A0A8S5RVI2,66,90.705694799659,BASE,MNKPKLVNSQTVTIYRYGAIYEENHFILMNPTSNFKIVAIKKDRYCEECSKLIKAKSSCYTINPKDKGRCWVCFDCMPEHGTKEEYKIGERVGDENILYSDEKDAWGRHKSYSKCTEDEKEFYADELDEAIHWDALAAAYDDF,143
A0A8S5MKI5,73,93.25132845188288,BASE,MKILELYNKILEKNKNETIVDFKIYIPKDEHYSVYDIHQDKIKEITEDDIPKQLFNNLEVANYQIMDEKDYSFSIMANDGFADFEEWYDDKNAKVVIMMVERKEYYSIVNCLA,113
A0A345AY83,852,90.5250167785235,BASE,MVVDPIRGLAQVAYAKGNIYHYTHVSRRAIANLLLNPNMSLGFWVNSNLLPYYTKTRCLGDCISTGALKAEEMPVAV,77
A0A7G9V4P1,110,90.72070981210857,BASE,MTYIYEKDKTWVVSKKIASNSGNKDDWTEVMTYYNLFNGSHIKLLVVDKNQIPFNFIANRDDGKSVLLGKSGIILRDSQDVYTYKKFFYYSEKEEKIADYLSDFPIKGKDIVSYVV,116
A0A1D8KSU4,1330,94.79841827768014,BASE,MPTEQDRRQLVENYVWHIVDGMDTDSLVNMCVDLLEREYEKMTWDEVTEEIVDLYDEETLIDLIPEAQ,68
A0A6J5LH40,189,90.02702872062663,BASE,MSLPIIRGASQALYPFVQTISFDTLVVRMQNGYEQRSARRPGLLRFEIPYGHLSQSQKNSVKAAVTSAKGQFDTGLTLTLGGTTYTGLSLDSDEFAGREYSNTRYEAPLKLSQTIAQSLSPGTAGTAFPALAGGFVYQLPATQRKSFQTTATLARGAKYTYAEFAGGLAGYPTDGLMGWSIEEPRLSDADVDIRIAHFVANWGMAFSFSFTDEDGTTYTKARYAMDELRIQRNGTNESAISTRIEVTNN,249
A0A873WX46,102,90.07557164634146,BASE,MDHIFLTNTYARFLVDGFQALIHNSEKYKYERSPFALIKEHRTLRMDCGRQTGKSEAVDIFIRTLENKTDFAITHISHKLDYIKERRKLHKNVHWVSGSARAICNPNFVHKFRGISTERRRVFIIEECHGYNHDKFIDNILKIPFRTPPFIVVVGIQ,157
A0A6J5LY96,149,91.51081818181818,BASE+LOGAN,MRLLNAGQTVAFSSKFLKSTQAHELARSRGEVLEVASSGGLVLVAVRWSDGRVTRALHQNLVAVDRMHLEAV,72
A0A6J5REU2,72,94.19324058919804,BASE,MKIYKAQYDSRNFTFEGFGKTKAEALATLDKALELHTKNRDLEADWFYKEDIFVVEFQIGLPYCDNELITERK,73
A0A516KXX0,45,92.41172690763052,BASE,MKTKEELLNELIRQDVENYKNIQFFKTGRRELPAGYRKELLEIYGQLNTQGLKELLKIK,59
M1HQI4,4,92.11955990220048,BASE+LOGAN,MEKEEGVKEKEEGVKEKEEGVKEKEEGVKEKEEGVKEKEEGVKEKEEGVVAS,52
A0A6J7WCN6,454,92.81937269372696,BASE+LOGAN,MIPQITDYLLRKLPDSFKGWTREALEDYVLFHAQQGTLKIATQDDQVVAVLVGWRQMGPEPKPWTWQASDPNGDHWYWHQFAADCAVFAMAVAAKFFHDRPESAILPAIGYRNGKLTTYPKGSMPIYRVASKHL,134
A0A2I7QNR7,376,90.22084192439864,BASE,MSNTRQLMDGREVETTKVALDFKIHTKCMDKWVLVDTETGNVYHPAISKFDWDKASQDELKAAQIAIGQLLED,73
A0A516KPU6,8,93.43058035714284,BASE,MWIVQYKDGSGFYYSEAKTSRLALIFDLVNDGFDRINSDTYKFKEYVTATLIKL,54
A0A096VQ52,75,91.86800223214289,BASE,HLSKSKENKEKLQARNLRLIVSSNEFLVVVKELNDSTVDNVVSFNKACAIMSAGILKHTFDEEFDWKLSKYVKTNNTTKVVPDVKIINRLAGQMGLSAGNPYYWMIVPGYEFLYELYPAEVLAYTLVRLQYRKNLNIPDSMTDADIVSSLVMKMNRIHKLEQTSFDEALNLIGKDNVSEAYVELARDIGSTSKTKRNDEAILKFKELIASFLPALEADRIASGHN,225
A0A514CUI5,96,91.22535403726708,BASE,MNDLQLFFAAYWQWVMEGAPEGKPFNRGHDLSGALTDYAYKHGLSLNGTQIDYRSLLAKEGLDPLNPFNDGVHQPAFPIESKLGRCYLNGARLNFVHKHKG,101
A0A5J6VL79,488,92.30165755919856,BASE,MFGLPNHIEMRIFEYDNTYHICYKKVLKQLMTNYHTWHDWYKYVERRESIRLLEDRISIKK,61
A0A8S5RWQ2,485,95.71796711509715,BASE,MKEFPIMTKKGKEYIPYDVIKPHEEQALKNHCDQTLDRLAARGGLSWAEAYAVLTDSKFPYGDQYISEEFYEKKVKEMVSNA,82
A0A2P1CCK1,148,93.81704402515724,BASE,MQPEEKFIEYVDALVTVELALAMARKYKEPVNKPVAQCARLVAMRCKDLANRQLFLGVSKSECPGVMINMMRITFDEMISS,81
A0A2R4ALD2,167,91.8824367816092,BASE+LOGAN,MTLHQYEEKFYDELIDNWRGGSWSKYIKECYRKYMDSIDEAKIAEWENGL,50
A0A8S5RVV5,223,92.25879476318828,BASE,MKYSNMEELKDILTQNKFIKEPYKVNFNFDEEFEEVTIKISNNDKMVYDKSCHITGMSALLKNIEEEGYPILIKKLKGYDSTLPLENIGKIKLKEEVIFTDPCYTPNEAKDNKVKIKPGTWNVAYAQLGIFSSRPEYLILFHESFNETPKRLTKLPFTIGVDSGQLGITNVSEYEDIYSRNAERWYDYICEKTYRHVEKELPPGYKKLTRKYKATDVLFSRLIAMQDKELLSSIDKLRKQIKEMELELRDFYPNIPYYTHLFNDNNNYLDLSFEPYVTHNAVWSSTAYGDGVYPVKVARNKDKEIIYIKVDMK,313
A0A6J5KW40,1222,92.53711656441716,BASE+LOGAN+12CY,MSIELTVIVKDAERTLKKKFLVYEAISLVVHDPVIDKCLQDVLTNFNGEPEDVVIRATMVCK,62
A0A8S5NEQ6,82,90.17577922077922,BASE+LOGAN+12CY,MVKKKRLKLKNGLVLETRLNNGGVTRAYFLNGKQLCRFEQISVVKLAEKLRLPLEKFAIHVGFDLSNPYTLAKLGLN,77
A0A8S5TUA9,6,94.2980112044818,BASE+LOGAN,MFVIFVALLLIAFIIAWNILKMGLIFALYAFLLLLVFFALLCLL,44
A0A7H0XFP0,27,90.06273043478262,BASE+LOGAN+12CY,MIFAVAMTSSSCDHYLDCIEVSSVAAGVDLMKRMYSEEFNYMDRIDVTPLLAIDLRAANEFESALYTAQEERE,73
A0A8S5NL17,70,91.10399540757749,BASE,MKFRVSRFLKRDLVVRVNFTKDGYIQSNRKLFEFYPSGKADDEGWYETTDEILVDSLRGLTEQLPYTPEAEAGLKKDGVSYEYAYCASCGGHKVRKLEYHLFEVTE,106
A0A6J5LVS4,445,95.94629258517035,BASE,MKPDERASFLCNHANFFCRDRSNAIELALLICELILENRLKEDDKIYWKLVVEEIYKLR,59
A0A6J5NYU7,372,92.61857059848924,BASE+LOGAN,MSDLGSMCVVRGGSSITTLPQYLASIGKNSFYARFVAGTNMFVNADLTGGAVALNGTVGSWQAEAANTSNFTAYFAQSASGDRPLYAAANGINSLYASGNATGDTRYMDLNSTTALNGNYTVIARHPLLARDSKTPFSHNGTAVYWVSAAGGGNMIAGIGANGVTAADQVTHVIRNVAGTSSGNCIIGVSQTGTGHNGFAPRLFRRTTAYSASAISELWFMPVLTDVQLDAAMAFIS,237
V9QJW0,490,92.91445913461538,BASE+LOGAN,MKYPHTKNEFSKARYAKLEDATVAMYDTVPSEIKCNVFKAHRWAKDFLMRREGSGHHFCLHREKNGLISCSFAKPEWAGDHGGMEMPTGAEAIVRAVCEYVHGY,104
A0A8S5RV91,53,92.00207250755288,BASE,MNNTLIPVSDEAVAHLNEVLSTNHFPNVEQFINMYNVGMLRPDFEIVKDIANLIDDTYKNVRLINRKFVIRSGSEVSFDNTILLLENWKLISTLKRVSIQLLEENYANHTKLIFLEEKPGYLMLEYPQEDGTIELKEYWIKDKLFSSQKDLIRNYFLKSSLHDYEGTENPNDKYINIEAVIDVDDSFISEIEDLVLSNTLK,201
A0A6J5LPD9,219,90.832818336163,BASE+LOGAN+12CY,MIIETRIATYAFAAMDEDEESELKDVCRRFARDMTFNFEYEYYSVWFEEHAWLNANLALPGIDSILKRVQ,70
A0A0A7RC04,187,90.18578672242548,BASE,VTPEHKCLLTNAQLKRLLQAAVPYRTDEAYVLGVAQAVEYQGFDPAMVAKRVLELAHQDRKEAEDVILDIITMVGLYLTRGTNLTKMEKRISPEGLAILRRVSQRYNLKKGAVGPNELTLSRVALTYASITVRCAVQLKDRLAVPHDEMLDLSPGYPAALMTQAFASLIPKGHAEEEVLKHAHCLFLVKFSEVVNPQLRGKPGAELKRSFTAALKASLEKRESRDNLRKIAFLKEMGVLSHEDTA,245
A0A059T639,62,92.61290983606558,BASE+LOGAN+12CY,MKQTKKEMLMDSILSTCDGLARESISKKERETLHEFVERRLQLHGRSGYLFHTVQYYKRVYIRTDFGGCLDVIAEYVLKSNHLKIKGGR,89
A0A0K1Y5V5,1320,90.46166666666667,BASE,MQALDWYQQTAGGLRELDFPVSDAHLALVGAYVSEGSVAKRLKDGTASVLEFEQKIGGRLFETMALVATEYALRSYSYPDRKLTVRWTLADRVVANDLDKSCGTGAKNKRLPEWATRLSARQADVLLQALINGDGTVNQAGNEVYYTSSSGLAGDVQALAIMAGREANVLGPYAAAKMYHVLIQPRREYAYRSFRGRDVKVEHVDNGRIVCFTVPNETLVTRRNGKVAMHGNTKTGYHALRLAIQGAELMKHRTITLPMDPDRREFLLNVRNGQFTKDQVVTWLESTFVPLLEHEIEQSTLPEQPEWRYINHLLVHLHQEYWTDHGWV,328
A0A248SK39,12,90.092118226601,BASE+LOGAN,MILYFYDSEGKLRAIEGDLDITDQKQVKEDIKKQTGIKVKSSVLKIVNNKG,51
A0A8S5Q838,485,95.66379474940334,BASE,MDKHNKLVLFLGRKDAVEIAGENQVALMEQQKIQMHDYLLTLKERIDLMKK,51
A0A6J7W4X6,208,91.88496183206104,BASE,MEDLDAIWFCAGHGNVGIVKYVTKENEVKYYIGQCFGVDEKTDMNHILNWGSRFPADAGKLLFGDK,66
A0A3G5AHB3,449,90.90447014925374,BASE+LOGAN,MSDKHMALSGIAQPILFEKILEAIDKGITTEQLRQDPLKYILSGKTKEIVVNRGGEGLKVSYAILKEMEKRGDELAKKIIEEDKFKYCSKNGDSRWCFLETEHQNYDRENPILIEILKEAKIKNIGGWKLHVYMVPVEPWAYQILTDDDIWRSEYVVGNIEFII,164
A0A8S5NPM4,164,91.18326885880076,BASE+LOGAN+12CY,MKIFKVTLKTTNGLRDFADSKEGKGLVVEHGEIYAIEKDIDYIFETYDVEIIEYAGLFFERSK,63
V5L5Y1,29,92.05143386897404,BASE+LOGAN+12CY,MELVGLVFACTFEEGEPFYGVVCQVKGSEAKIRPLPCVVGRYNKKVLKCSPNWDKLERTIKTPGKFMWARIVIEGKKPRLEAQGKTFELYGLEDEVHLFKA,101
A0A6J5NUH2,17,91.07610309278353,BASE+LOGAN,MATKEQEILYLHKISSEIPQEYGYLVDLFKEVVPIMEGAVKDDFCTIGYGSLMDAKLELIKERDGLRKEAFLAGVEVRRIQKEIESLSEQVKGLELRKSSLKHNILETFRMMIERVKEY,119
A0A7S5UV26,23,90.34359865470852,BASE+LOGAN,MDQRVLDVLAQGYINRELTLPAADLSKAVIYIVNYHVRHKTSGLADLKTAYGSPESSNLAVRFYSTGLFNGVVDNDSKSSDLFWSLFNSMTTSLMIESINESLAESSKEVEVIAE,115
A0A140G6G5,286,90.57711233211234,BASE,MLFMNSDEIDDLQDYFRGPEIPENVRKAAAALQRLKDWTNENSDGWAYWKAPLTAANTLMARLMEAESAWRAGRPVPYMTDDELYQLMGPIQSLLAQHAKKPSADILFPPDPPSDVPDGMAGQAAINWRKGNRAALSLTDYWFRRSPQSKSYGDEGSPEFEDAIKNLLTDLRHLAYRAGSDFEALSSEASGQYCLELDMEDPDHDKS,207
A0A8S5QU80,126,90.02801517067005,BASE+LOGAN+12CY,MANKIEIPVNDNTGKLIYWTRNHKLGVPGKFGLIPAEKIDQISIDHRTVEGAPGWQIIHVLAEGILYAYSISEASLSDLNAIRLQVQGARDIARINQQLNN,101
R9RFX6,4999,93.30678108808289,BASE,MDFNKNAVETYLSNIDANGKRIRTWKVIEEKGKTDKVTLSKISSIRKRSSDQEFDLFVECMRNKKPVRVSNGTNSYNIQHISTLLREGNRIVSEGAPTTTVSRKDRSALYVLESAGYYKIGVTLDTSIAHRIRQLQIGNPHLINLVASTGAISNAYELEKKLQQQYKKLRVRGEWFRLSTEEVQNLLAEVGKS,193
A0A6J5MMJ0,294,91.0991864268193,BASE,MSIYDALTAQAHPVSLEPSETSYFSPSGAGLDPRLFRNNKLVPTVRSSIMRILLEHLKTNYANPEAYAHIWLAGSAVSYQWTAARNPADLDCLIGINYLAFRQNNSQYKSLSDKQIATMLNEDFRDIQEDLDNFMGAYELTFYVNVNSDIRTIKPYAAYSLTNDEWTVAPEIKAAPVNKMWERKVGTDTSLTTDILARYSKAFNDIHAATTDTARRNAESALKLAIDQGTALFDDIHQGRKYAFSPSGLGYSDIHNYRWQAGKSAGTIQALRKLKDINKASKKEYEAKTYGMELPDANTLIRRALGARK,309
A0A385IRV1,74,93.97540493968982,BASE,MVDKNKVFQILQAGRGTVNPLSDIGAVAGEKTQSVVSGLSQLQNPSALKAEALRKAGIDSSYINMVQLAMDGNLSSISTLVAYGDESVQNMYSRINIAKNYAAAMDKFGVATACTPFNSVMGIVGGIGQRVLNTVTEAVGGAADSIAEFLGLDDTEDLLAKAQELKATLDGAFESVATFVKDVTDYINEEALLLKEYMTTAINSALTEVLGDWVDGECTSAIMDTILSPEVRQYL,235
A0A514A736,107,93.8172,BASE,MKAMHVKKSGMMIFGKLVSETDTYWEFHATDEKRPKKVKKNDPTQTVFVAGFSFDAPWEWLETANADDPKKARHFREMKEAK,82
A0A8S5P4W8,173,91.27599593495935,BASE,MKKLTLVEYGCTGTGYRNGSDVPNCRVRTEFDTLDGLHVIADFGSYQRRDANKKGCPVVQPNALHVDGTYYDTEGYGRSYEYRLAQKGFDFSRFDFTRTGILAFINEVTGKNYTEIEFVERK,122
A0A516LQB8,1274,91.64796212804328,BASE,MKLTRKEILELMDERREWAEKHHHCWICNATSHAGFPLETHEIEKRSQAPHHKWASLVNYFRVCKKCHMDDVEDMTHAEQLAYKRVYDPENYDRIEWMKLKDPELKAPKRVEAWEVKEAHEKFQKRGWK,129
A0A0A0RSM0,96,90.616023890785,BASE,MKGILRLAIISWIMYVSIGIIWYWYEKLVYGKAYPNDRDSLIAVIFAAFLTLIIDSWLTRERRLKEEEK,69
A0A160DF05,146,90.16630182421228,BASE,MSNATYTKEKITKMVDEACLAIADRADLGEDGVIDALNLLANAVVWQLDNPRKKLNLSKVVADCYHDSDLDEVIGWFA,78
A0A8S5NNS2,1060,92.99173796791445,BASE,MKNEDALENKVGFLIKILKYIIRESGFELVNRIELRDKQSGRCFK,45
K4FET1,651,92.9103889789303,BASE,MGILACYVTLNRVNNVISKIGEIGPKDFGKVMGLTVQDILEETSREGITLTQADNPSLIKKELVKMVQDVLRPAWIELVS,80
A0A6J7X5G4,1152,90.21393833913476,BASE,MSISNGQETLRTAQGYLGAHEGAPNKSGAPIVNECQAMFGWPDGGYPWCNMFVAFCIANSGAVSKYKTSAKSIMSPSTQTTADKAKAKGWLLPGNGKAKPGDMFIIPGLHIGFVASLQSGNLFTSIEGNHQDSVSSVTRSWADGWQRISLPDVGEPGPAAVEDGYGFDDTRVKLYGGWPTKEQRDGQLAKYAAANPDQWTQAVKVETSSPYAFRAGPPGTYSHWSFGPWMYETGKAIRDDQMKAYEAANKITARPWKKTYKES,263
A0A2H4YG65,3,94.7940223463687,BASE,MRVAIVLLLLTVILWFMPAFIIAIVLGALVVIGFMGFLLSLLLIFL,46
A0A6J5KFU1,266,92.82033333333334,BASE+LOGAN,MTCLTPEPARTFVLSSFCGRIIMAAIKAHGITDAERKERIMLARQCGFLSDEATEDYILHFGLVNA,66
A0A516MBB3,303,91.22628726287265,BASE,MDFGVALIPNGILLGIEYYPIEGNQDYSELNIYLLILVIHFRVYL,45
F2Y2X0,741,90.50676470588236,BASE,MDIEEIIINLKILEKIEINQKLITRDTYLNIEPQSLVPECFRRWNRQDNRNEAIKKLIRLSIMD,64
A0A7M1CP40,200,91.39272727272729,BASE+LOGAN+12CY,MSKIDVAGGERTLYPVDQFTQQVLTKFEDDPSCRALVKLEDPSLTDAEDWVATTDLITGRAIQVRSADCGLGCHCAGEVTLA,82
A0A8S5P7E9,99,90.4586519114688,BASE,MSITDFYNGRFVSGKILKRDYRIIWQRIVIATAALCGMFIFMMAIQLMCWLSNLCNYVFR,60
A0A6J5L4Y7,241,90.29172413793104,BASE,MSGGSWDYAYHKIRDIAHHLEDGTALRDSEAVNFEFPSQHEARKKLAPIVFALADVMRTIEWVDSSDSSPPEDVDAINNFLAMIRVQG,88
UPI0023294216,337,91.19875555555556,BASE,MNKETTLHMALLQLDSLEKLADKLDNTNYLQGKINKMRLECRRQLMNLTAEVICDV,56
A0A1J0GP43,41,90.24736346516008,BASE+LOGAN+12CY,MDHAEIAARNPEAAARVVIRAAELGGDVQNAWEVFADGVGYRLASQYLQAETDQADLIARQHNLVGYQL,69
S0A3B0,240,90.556291362269,BASE,MKKRFTKFKPQVYSRHPSHAPLRLKGALELLPFKSVVRFGSPTEVSDSIAKGGNRVELNTTSAIANSSNKRLMKECFTRAEVKTAMWWTYDSRVQIFIKSGIGDSGMSRADLPYPIVAKHNFGSRGRGNTKINTAEEMQTWLSNNNRTHNFIFEVFHNFSREYRLHVSEHGCFYTCRKMIKSDTADEDKWFRNDSNSVWILEDNESFDKPVNWDEVEEHCVKALKSVGLDFGAVDLKIQAANSNGTPRTTCDFIVIEINSAPSFGDITLEKYKEVLPQLLKTKREKQTV,289
A0A8S5N253,154,93.96671410090556,BASE+LOGAN+12CY,MNAELAELIKEIGRIADTHEDNVEWYKIGDFCKIMPIFEEPESDALNYYQYQLVVDIYAIAYLQCVNDPAEDWGTVRMFANMMLEIDRKEVESQ,94
A0A5P8PST7,2100,93.42012278308322,BASE,MSLPNVKKPCKDCPFRKDTMKGWLGKERMQEILNQESFVCRKKTHLQCAGHMLIKGEDNAFVSLAIRLGEDTGLSGRELVFDTEEECINHHE,92
A0A6J7WB17,15,91.66125615763548,BASE+LOGAN+12CY,MPRFAIFKGDGDLIFPVDAILVKYMKDEYLVRWVEADDASQAVENYLKGE,50
A0A516MPW0,141,94.61871536523932,BASE,MFQRDCTRVQKFAQESPYKMGLVITMVSLSIQQNWKGVGMQMASVIGQGSKSKFLWGSKAKLYAYLEEHMEEIYTDVMEVISSNKLDDDKAEDLMQIFL,99
